GG_Nessan	At the top of the garden lookout, you see a strange creature hunched over. 	Au sommet du poste d'observation du jardin, vous voyez une étrange créature voûtée. 
GG_Nessan	She appears to be massaging some 'shrooms. 	Elle semble en train de masser quelques champignons. 
GG_Nessan	She's making potions. 	Elle prépare des potions. 
GG_Nessan	Underneath a large red hat, her drooping gaze slowly glides towards you. 	Sous un grand chapeau rouge, son regard tombant glisse lentement vers vous. 
GG_Nessan	Not a hat. She's got an actual mushroom growing out of her skull. 	Ce n'est pas un chapeau. Elle a un véritable champignon qui pousse hors de son crâne. 
GG_Nessan	Cool hat. You should get one like that. 	Chouette chapeau. Tu devrais en avoir un comme ça. 
GG_Nessan	The elf drops a final piece of mushroom into the bowl on the table, and gives you a creepy grin. 	L'elfe lâche un dernier morceau de champignon dans le bol sur la table, et vous adresse un sourire glauque. 
GG_Nessan	\"Nice corner you got here.\" 	« Joli petit coin que vous avez là. » 
GG_Nessan	(Lean in and stare.) 	(Se pencher et fixer.) 
GG_Nessan	Slowly, and in an appropriately dramatic fashion, she widens her eyes to reveal piercing red pupils. 	Lentement, et de façon dûment théâtrale, elle écarquille les yeux pour révéler des pupilles rouges perçantes. 
GG_Nessan	And her grin widens even more. Somehow. 	Et son sourire s'élargit encore davantage. Va comprendre. 
GG_Nessan	Abort. Run. Leave. 	Abandonne. Fuis. Pars. 
GG_Nessan	Her expression leaves your legs weak. And not in a good way. 	Son expression te flanque les jambes en coton. Et pas dans le bon sens. 
GG_Nessan	Oh gods. She's trouble. She's real trouble. 	Oh, par les dieux. Elle est dangereuse. Elle est vraiment dangereuse. 
GG_Nessan	Just look at the side of her head! Look at those- 	Regarde donc le côté de sa tête ! Regarde ces— 
GG_Nessan	Ears. White hair. Ashen hue. 	Oreilles. Cheveux blancs. Teinte cendrée. 
GG_Nessan	Pointy ears. One on each side. 	Des oreilles pointues. Une de chaque côté. 
GG_Nessan	And those eyes... 	Et ces yeux... 
GG_Nessan	Snell seems to stay behind a bit. 	Snell semble rester légèrement en retrait. 
GG_Nessan	The goblin is staring into the wall. He looks queasy. 	Le gobelin fixe le mur. Il a l'air mal en point. 
GG_Nessan	In your days, you've only seen a handful of those gangly freaks. 	De votre vivant, vous n'avez vu qu'une poignée de ces dégingandés singuliers. 
GG_Nessan	The city holds many folk. But elves are both few in numbers and seldom intermingle with lesser races. 	La cité abrite bien des peuples. Mais les elfes sont à la fois peu nombreux et se mêlent rarement aux races inférieures. 
GG_Nessan	Elves don't hang around in Norvik a lot. They usually stay away from lesser folk. 	Les elfes ne traînent pas beaucoup à Norvik. Ils se tiennent généralement à l'écart des peuples inférieurs. 
GG_Nessan	But look at her. 	Mais regarde-la. 
GG_Nessan	This is no Elf of Illym. 	Ce n'est pas une Elfe d'Illym. 
GG_Nessan	This is an Elf of Pimeä. 	C'est une Elfe de Pimeä. 
GG_Nessan	This is... one of those dark elves. 	C'est... une de ces elfes sombres. 
GG_Nessan	\"Hello, elf.\" 	« Bonjour, elfe. » 
GG_Nessan	(Glare at her.) 	(La fusiller du regard.) 
GG_Nessan	You hear a guttural chuckle leave her lips. 	Vous entendez un rire guttural s'échapper de ses lèvres. 
GG_Nessan	\"A man delves into the garden. His sight set- set on the mysterious Below.\" 	« Un homme s'enfonce dans le jardin. Son regard tourné— tourné vers le mystérieux En-Bas. » 
GG_Nessan	\"Are you that man?\" 	« Êtes-vous cet homme ? » 
GG_Nessan	The way her eyes dart back and forth like that... is she on something? 	La manière dont ses yeux dardent ainsi de droite à gauche... est-elle sous l'emprise de quelque chose ? 
GG_Nessan	\"Yes. How did you know that?\" 	« Oui. Comment le saviez-vous ? » 
GG_Nessan	\"No. The mysterious can stay so.\" 	« Non. Que le mystérieux le demeure. » 
GG_Nessan	\"Goblins are not- not- not the only ones who whisper underneath.\" 	« Les gobelins ne sont pas— pas— pas les seuls qui chuchotent là-dessous. » 
GG_Nessan	\"I'm sure there's ghouls and goons as well.\" 	« Je suis sûr qu'il y a aussi des goules et des malfrats. » 
GG_Nessan	(Look down.) \"What?\" 	(Baisser les yeux.) « Quoi ? » 
GG_Nessan	She tilts her head and comically large mushroom hat. \"I'm talking about plants and- and- and such.\" 	Elle penche la tête, ainsi que son chapeau-champignon comiquement grand. « Je parle des plantes et— et— et de tels êtres. » 
GG_Nessan	She tilts her head and comically large mushroom hat. \"Truly? Close your eyes for too- too- too long and you'll find yourself blind.\" 	Elle penche la tête, ainsi que son chapeau-champignon comiquement grand. « Vraiment ? Fermez les yeux trop— trop— trop longtemps et vous vous retrouverez aveugle. » 
GG_Nessan	\"But I won't force you to- to look.\" 	« Mais je ne vous forcerai pas à— à regarder. » 
GG_Nessan	More or less. 	Plus ou moins. 
GG_Nessan	She's just being dramatic. 	Elle fait juste sa théâtrale. 
GG_Nessan	You are a man, but which one? Cannot be said. 	Tu es un homme, mais lequel ? On ne saurait le dire. 
GG_Nessan	Creepy. Is she trying to intimidate you? 	Glauque. Cherche-t-elle à t'intimider ? 
GG_Nessan	Her strange question will not affect you. For you are, indeed, a true man. 	Sa question étrange ne t'affectera pas. Car tu es, en effet, un vrai homme. 
GG_Nessan	\"I'm somewhere between yes and no.\" 	« Je suis quelque part entre oui et non. » 
GG_Nessan	\"I'm a <b>man</b>.\" 	« Je suis un <b>homme</b>. » 
GG_Nessan	\"Maybe.\" (Nervously glance over your shoulder.) 	« Peut-être. » (Jeter un coup d'œil nerveux par-dessus votre épaule.) 
GG_Nessan	\"Good. Do not see realms in categories. See the- the- the in-between.\" 	« Bien. Ne voyez pas les domaines en catégories. Voyez l'entre— l'entre— l'entre-deux. » 
GG_Nessan	\"Oh... a- a- a man's man.\" 	« Oh... un— un— un homme d'homme. » 
GG_Nessan	\"Exotic.\" 	« Exotique. » 
GG_Nessan	You see Snell trying desperately to not enter the conversation. 	Vous voyez Snell tenter désespérément de ne pas entrer dans la conversation. 
GG_Nessan	\"Your feelings are not focused. That is- is- is okay.\" 	« Vos sentiments ne sont pas focalisés. C'est— c'est— c'est correct. » 
GG_Nessan	The elf stammers? Or is that... an idiolect? 	L'elfe bégaie ? Ou est-ce... un idiolecte ? 
GG_Nessan	The elf stammers. Can't even speak good. 	L'elfe bégaie. Elle ne sait même pas parler correct. 
GG_Nessan	The elf does not as much stammer as she tastes some words more than others. 	L'elfe ne bégaie pas tant qu'elle ne savoure certains mots plus que d'autres. 
GG_Nessan	Not a speech impediment. It is her Undercoast accent seeping through. 	Ce n'est pas un trouble du langage. C'est son accent de la Sous-Côte qui transparaît. 
GG_Nessan	She turns around, her red eyes glimmering beyond a mist of spores. 	Elle se retourne, ses yeux rouges brillant à travers une brume de spores. 
GG_Nessan	\"<i>Nes'Wikkalla of the Green</i>.\" 	« <i>Nes'Wikkalla du Vert</i>. » 
GG_Nessan	\"Call me Nessan. I am Underling to Hierophant Ohpidana.\" 	« Appelez-moi Nessan. Je suis l'Apprentie de la Hiérophante Ohpidana. » 
GG_Nessan	Of course. A <i>druid</i>. 	Bien sûr. Une <i>druidesse</i>. 
GG_Nessan	That is ridiculous. 	C'est ridicule. 
GG_Nessan	Why would a dark elf be an understudy to an <i>elephant</i>? 	Pourquoi une elfe sombre serait-elle l'apprentie d'un <i>éléphant</i> ? 
GG_Nessan	As you look into her eyes you can feel it. She communes with nature itself on the regular. 	En regardant dans ses yeux, vous le sentez. Elle communie régulièrement avec la nature elle-même. 
GG_Nessan	There's something esoteric going on here. 	Il se passe ici quelque chose d'ésotérique. 
GG_Nessan	DC9 int-\"You're a druid? Prove it.\" 	DC9 int-« Vous êtes druidesse ? Prouvez-le. » 
GG_Nessan	FC9 int-\"You're the understudy to an elephant?\" 	FC9 int-« Vous êtes l'apprentie d'un éléphant ? » 
GG_Nessan	DC13 wis-\"You're a spellcaster.\" 	DC13 wis-« Vous êtes une lanceuse de sorts. » 
GG_Nessan	FC13 wis-\"You're a hag, aren't you?\" 	FC13 wis-« Vous êtes une hagre, n'est-ce pas ? » 
GG_Nessan	She just gives you a goofy smile. \"I- I don't see how I could prove as such more than I currently do.\" 	Elle se contente de vous adresser un sourire benêt. « Je— je ne vois pas comment je pourrais le prouver davantage que je ne le fais actuellement. » 
GG_Nessan	She points to her head-mushroom. 	Elle pointe son champignon de tête. 
GG_Nessan	There are indeed not many folk sitting around pretending to be mushrooms in bushes. 	Il y a en effet peu de gens qui restent à faire semblant d'être des champignons dans les buissons. 
GG_Nessan	Otherwise this city would be even stranger. 	Sans quoi cette cité serait encore plus étrange. 
GG_Nessan	She just gives you a goofy smile. \"That's not what- what that means, human.\" 	Elle se contente de vous adresser un sourire benêt. « Ce n'est pas ce que— ce que cela signifie, humain. » 
GG_Nessan	\"I am a druid, in your tongue.\" 	« Je suis une druidesse, dans votre langue. » 
GG_Nessan	She just gives you a goofy smile and a nod. 	Elle se contente de vous adresser un sourire benêt et un hochement de tête. 
GG_Nessan	She just gives you a goofy smile. 	Elle se contente de vous adresser un sourire benêt. 
GG_Nessan	\"A mushroom hag.\" 	« Une hagre champignon. » 
GG_Nessan	\"I'm no hag. Although I've worked with many in my days.\" 	« Je ne suis pas une hagre. Quoique j'aie travaillé avec beaucoup d'entre elles dans mes jours. » 
GG_Nessan	\"I've spent my days handling Primal forces. That which grows and decays.\" 	« J'ai passé mes jours à manier les forces Primordiales. Ce qui croît et ce qui se décompose. » 
GG_Nessan	\"Do- do you know much of it?\" 	« En— en savez-vous beaucoup à ce sujet ? » 
GG_Nessan	\"Yeah. They went over the basics at the towers.\" 	« Ouais. On a vu les bases aux tours. » 
GG_Nessan	\"It's about nature spirits, right? Like warlock-ism.\" 	« C'est à propos des esprits de la nature, non ? Comme l'occultisme. » 
GG_Nessan	\"No. Do you?\" 	« Non. Et vous ? » 
GG_Nessan	\"The towers? Ah, your wizard school.\" 	« Les tours ? Ah, votre école de magiciens. » 
GG_Nessan	\"I'm not a wizard.\" 	« Je ne suis pas magicien. » 
GG_Nessan	\"More or less, yeah.\" 	« Plus ou moins, ouais. » 
GG_Nessan	\"But you train in a- a wizard's tower?\" 	« Mais vous vous entraînez dans une— une tour de magicien ? » 
GG_Nessan	\"...Okay, you got me there.\" 	« ... D'accord, vous me tenez là. » 
GG_Nessan	\"It's not a great name for it. It's really more of a library with an old lecture hall that smells like fungus.\" 	« Ce n'est pas un super nom pour ça. C'est en réalité plus une bibliothèque avec un vieil amphithéâtre qui sent le champignon. » 
GG_Nessan	\"Fungus? Oh. I should visit.\" 	« Le champignon ? Oh. Je devrais y aller. » 
GG_Nessan	\"Spirits do inhabit all living things.\" 	« Les esprits habitent bien toute chose vivante. » 
GG_Nessan	\"Although compared to making a deal with some fiend, I can promise you trees are much more austere.\" 	« Quoique comparés à passer un pacte avec quelque fiélon, je peux vous garantir que les arbres sont bien plus austères. » 
GG_Nessan	\"I learn new things every waking. But no- no. I would not say I know much at all.\" 	« J'apprends de nouvelles choses à chaque éveil. Mais non— non. Je ne dirais pas que je sais grand-chose. » 
GG_Nessan	She lowers her gaze for what you realize is the first time since she raised it. 	Elle baisse les yeux pour ce que vous réalisez être la première fois depuis qu'elle les a levés. 
GG_Nessan	\"I would like to hear your tale, human. There is much- much to be learned from your folk and your settlement in this band.\" 	« J'aimerais entendre votre récit, humain. Il y a beaucoup— beaucoup à apprendre de votre peuple et de votre établissement dans cette bande. » 
GG_Nessan	Settlement? It's a great city-state. Not some lone village. 	Établissement ? C'est une grande cité-État. Pas quelque village isolé. 
GG_Nessan	She speaks as though the Urthfolk's sixty-something years of civilization building is nothing but a footnote in her history book. 	Elle parle comme si les soixante et quelques années de construction civilisationnelle du Peuple d'Urth n'étaient qu'une note de bas de page dans son livre d'histoire. 
GG_Nessan	\"How sustainable is your lifestyle?\" 	« À quel point votre mode de vie est-il durable ? » 
GG_Nessan	\"Sustainable?\" 	« Durable ? » 
GG_Nessan	\"I'm supposed to know that?\" 	« Je suis censé savoir ça ? » 
GG_Nessan	\"You mean me in particular, or my people?\" 	« Vous voulez dire moi en particulier, ou mon peuple ? » 
GG_Nessan	\"You want an answer now?\" 	« Vous voulez une réponse maintenant ? » 
GG_Nessan	M-(Think about it.) 	(Y réfléchir.) 
GG_Nessan	\"How- how do you replenish the resources you consume?\" 	« Comment— comment renouvelez-vous les ressources que vous consommez ? » 
GG_Nessan	\"And if you do not, how many years until depletion?\" 	« Et si vous ne le faites pas, combien d'années avant l'épuisement ? » 
GG_Nessan	\"I do not mean an exact number of hours or even- even years until you run out of natural resources.\" 	« Je ne veux pas dire un nombre exact d'heures ou même— même d'années avant que vous n'épuisiez les ressources naturelles. » 
GG_Nessan	\"Just an approximation.\" 	« Juste une approximation. » 
GG_Nessan	\"And perhaps a toll of the impact on others in your vicinity.\" 	« Et peut-être un bilan de l'impact sur les autres dans votre voisinage. » 
GG_Nessan	\"Both. Or either.\" 	« Les deux. Ou l'un ou l'autre. » 
GG_Nessan	She presses down a mushroom in her bowl, sending a puff of spores into the air. 	Elle écrase un champignon dans son bol, envoyant une bouffée de spores dans l'air. 
GG_Nessan	\"If you have it.\" 	« Si vous en avez. » 
GG_Nessan	\"But there is no- no stress.\" 	« Mais il n'y a pas— pas de pression. » 
GG_Nessan	If you focus on yourself, you can probably sustain yourself for a long-ass time. 	Si tu te concentres sur toi-même, tu peux probablement te maintenir pendant un sacré bout de temps. 
GG_Nessan	Not yourself. 	Pas toi. 
GG_Nessan	The elf speaks of the realm. How long until your way of life collapses? 	L'elfe parle du royaume. Combien de temps avant que ton mode de vie ne s'effondre ? 
GG_Nessan	Who cares? Really. 	Qui s'en soucie ? Vraiment. 
GG_Nessan	If you run out of shit, you go to another place and take that shit instead. That's how it works. 	Si tu manques de trucs, tu vas dans un autre endroit et tu prends ces trucs-là à la place. C'est comme ça que ça marche. 
GG_Nessan	To keep one balanced with the Primal forces of the land is the only just way to live. 	Rester en équilibre avec les forces Primordiales de la terre est la seule manière juste de vivre. 
GG_Nessan	Oh gods... You're focusing too much on the question. Instead, focus on what she wants to hear! 	Oh, par les dieux... Tu te concentres trop sur la question. Concentre-toi plutôt sur ce qu'elle veut entendre ! 
GG_Nessan	\"What was the question again?\" 	« Quelle était la question, déjà ? » 
GG_Nessan	\"Urthfolk will eventually chew through this land and be forced to expand.\" 	« Le Peuple d'Urth finira par dévorer cette terre et sera contraint à l'expansion. » 
GG_Nessan	\"We live in balance here, in this city.\" 	« Nous vivons en équilibre ici, dans cette cité. » 
GG_Nessan	\"I, personally, could live on an apple a day. That's pretty sustainable.\" 	« Moi, personnellement, je pourrais vivre avec une pomme par jour. C'est plutôt durable. » 
GG_Nessan	\"Don't know. Don't care.\" 	« Je sais pas. Je m'en fiche. » 
GG_Nessan	She tilts her head, a smirk spreading on her lips. 	Elle penche la tête, un sourire en coin se répandant sur ses lèvres. 
GG_Nessan	\"How sustainable is your- your lifestyle?\" 	« À quel point votre— votre mode de vie est-il durable ? » 
GG_Nessan	\"You truly believe that?\" 	« Vous le croyez vraiment ? » 
GG_Nessan	\"Yes.\" 	« Oui. » 
GG_Nessan	\"I hope so.\" 	« Je l'espère. » 
GG_Nessan	\"No.\" 	« Non. » 
GG_Nessan	\"I wish I had your conviction, human.\" 	« Je voudrais avoir votre conviction, humain. » 
GG_Nessan	She smiles. \"Hope is a good thing. It might lead you down the right trail.\" 	Elle sourit. « L'espoir est une bonne chose. Il pourrait vous mener sur le bon sentier. » 
GG_Nessan	Her bright expression fades. 	Son expression lumineuse s'éteint. 
GG_Nessan	\"I've watched your people for some time. From a distance.\" 	« J'observe votre peuple depuis quelque temps. De loin. » 
GG_Nessan	\"I am not one to- to- to make judgments. That is for the earth and sea.\" 	« Je ne suis pas du genre à— à— à porter des jugements. Cela appartient à la terre et à la mer. » 
GG_Nessan	\"But it worries me how few Primal forces there are to keep you at bay.\" 	« Mais cela m'inquiète qu'il y ait si peu de forces Primordiales pour vous tenir à distance. » 
GG_Nessan	\"Primal forces?\" 	« Des forces Primordiales ? » 
GG_Nessan	\"We're too strong for that.\" 	« Nous sommes trop forts pour ça. » 
GG_Nessan	\"Oh. That's not- not good at all, human. Your kind requires much more sustenance.\" 	« Oh. Ce n'est pas— pas bon du tout, humain. Votre espèce requiert bien plus de subsistance. » 
GG_Nessan	A true statement. 	Une déclaration vraie. 
GG_Nessan	Please consume food. 	Veuille consommer de la nourriture. 
GG_Nessan	\"Not this guy!\" (Pose with your thumbs in the air.) 	« Pas ce gars-là ! » (Prendre la pose, pouces en l'air.) 
GG_Nessan	\"I'll make up for it later.\" 	« Je rattraperai ça plus tard. » 
GG_Nessan	Your legs tremble. 	Tes jambes tremblent. 
GG_Nessan	To be fair, you haven't had a decent meal in a long time. 	Pour être juste, tu n'as pas eu de repas correct depuis longtemps. 
GG_Nessan	True men eat big bowls of stuff. 	Les vrais hommes mangent de grands bols de trucs. 
GG_Nessan	Meat! 	De la viande ! 
GG_Nessan	She shows you a worried expression. \"Care for- for yourself. Do not let the idealization of a goal hinder a healthy lifestyle.\" 	Elle vous montre une expression inquiète. « Prenez soin— soin de vous. Ne laissez pas l'idéalisation d'un but entraver un mode de vie sain. » 
GG_Nessan	She gives you some of the mushrooms from her bowl. 	Elle vous donne quelques-uns des champignons de son bol. 
GG_Nessan	\"Please. Eat.\" 	« Je vous en prie. Mangez. » 
GG_Nessan	\"It is as The Hedonists say.\" 	« C'est comme le disent Les Hédonistes. » 
GG_Nessan	\"Listen to your empty stomach.\" 	« Écoutez votre estomac vide. » 
GG_Nessan	She's well read. Even if it is anarchist rubbish. 	Elle est cultivée. Même si ce sont des inepties anarchistes. 
GG_Nessan	Kind mushroom lady. Wonderful. 	Aimable dame champignon. Merveilleux. 
GG_Nessan	Handouts. Don't mind if you do... 	Des dons gratuits. Tu ne dis pas non... 
GG_Nessan	\"Truly?\" 	« Vraiment ? » 
GG_Nessan	\"Yep.\" 	« Eh ouais. » 
GG_Nessan	\"Not a care in the world?\" 	« Aucun souci au monde ? » 
GG_Nessan	\"I'm often called 'careless'.\" (Smirk.) 	« On me qualifie souvent d'« insouciant ». » (Sourire en coin.) 
GG_Nessan	\"Well. Maybe a little...\" 	« Bon. Peut-être un peu... » 
GG_Nessan	Your unprovoked smirk cannot be seen by her, but she surely feels it. 	Ton sourire en coin spontané ne peut être vu d'elle, mais à coup sûr elle le ressent. 
GG_Nessan	\"Oh?\" 	« Oh ? » 
GG_Nessan	\"I'm sad to- to hear that.\" 	« Je suis triste de— de l'entendre. » 
GG_Nessan	\"There are many things in this world to care about. How a person or people take care of their surroundings is certainly one of them.\" 	« Il y a bien des choses en ce monde dont on doit se soucier. La manière dont une personne ou un peuple prend soin de son environnement en fait assurément partie. » 
GG_Nessan	\"It's not even in my top ten.\" 	« Ce n'est même pas dans mon top dix. » 
GG_Nessan	\"Yeah. Sorry. Don't care.\" 	« Ouais. Désolé. Je m'en fous. » 
GG_Nessan	She places a palm against the rough floor. \"Ohpidana has helped keep the Undersea from being overtaken by unbalancing powers.\" 	Elle pose une paume contre le sol rugueux. « Ohpidana a aidé à empêcher la Sous-Mer d'être envahie par des puissances déséquilibrantes. » 
GG_Nessan	\"Demi-gods. Fiends. Celestials. Your- your human... Arcanists.\" 	« Demi-dieux. Fiélons. Célestes. Vos— vos humains... Arcanistes. » 
GG_Nessan	\"Each creates a power that not only overtakes the primal...\" 	« Chacun crée une puissance qui non seulement supplante le primordial... » 
GG_Nessan	\"They do so with ease.\" 	« Mais le font avec facilité. » 
GG_Nessan	\"That great war your kind waged upon one another delayed it. But I do certainly believe it is inevitable.\" 	« Cette grande guerre que votre espèce s'est livrée à elle-même l'a retardée. Mais je crois assurément qu'elle est inévitable. » 
GG_Nessan	She speaks of the unsustainable nature of magic. 	Elle parle de la nature non durable de la magie. 
GG_Nessan	The primal is just another of those powers she mentions. 	Le primordial n'est qu'une autre de ces puissances qu'elle mentionne. 
GG_Nessan	It can be tamed. It should be. 	Il peut être dompté. Il devrait l'être. 
GG_Nessan	She blames humans for this? The Urthfolk are peaceful and kind, unlike those godless Arcanists. 	Elle en blâme les humains ? Le Peuple d'Urth est pacifique et bienveillant, contrairement à ces Arcanistes sans dieu. 
GG_Nessan	\"Humans barely exist anymore. We're almost extinct.\" 	« Les humains n'existent quasiment plus. Nous sommes presque éteints. » 
GG_Nessan	\"Don't worry. Nature always survives.\" 	« Ne vous en faites pas. La nature survit toujours. » 
GG_Nessan	\"The primal stuff should just get stronger then.\" 	« Le truc primordial devrait juste devenir plus fort, alors. » 
GG_Nessan	\"Fair. Your kind might be an offshoot of a much more dominant force.\" 	« Juste. Votre espèce est peut-être une ramification d'une force bien plus dominante. » 
GG_Nessan	\"But you still hold great power in this Band. Do not forget that.\" 	« Mais vous détenez encore un grand pouvoir dans cette Bande. Ne l'oubliez pas. » 
GG_Nessan	Never will. 	Jamais je ne l'oublierai. 
GG_Nessan	\"Most often it does. But look at your so-called 'Burned Coast'. And those cursed lands in Diminor.\" 	« Le plus souvent, oui. Mais regardez votre soi-disant « Côte Brûlée ». Et ces terres maudites en Diminor. » 
GG_Nessan	She means Reeds. Diminor is the old name. She should have called it 'Old Diminor'. 	Elle veut dire les Roseaux. Diminor est l'ancien nom. Elle aurait dû l'appeler « Vieux Diminor ». 
GG_Nessan	\"Nature makes it through most things. But there are forces in this world that can wring the life out of every band if it so wishes.\" 	« La nature survit à la plupart des choses. Mais il y a des forces en ce monde capables d'extraire la vie de chaque bande si elles le souhaitent. » 
GG_Nessan	Magic is not what it used to be. But she is wise to stay- 	La magie n'est plus ce qu'elle était. Mais elle est sage de rester— 
GG_Nessan	\"We must- must stay vigilant.\" 	« Nous devons— devons rester vigilants. » 
GG_Nessan	She laughs. \"A- a solution! I see.\" 	Elle rit. « Une— une solution ! Je vois. » 
GG_Nessan	\"Trust me when I say: you do not wish to live in a realm where nature fights back.\" 	« Croyez-moi sur parole : vous ne souhaitez pas vivre dans un royaume où la nature riposte. » 
GG_Nessan	\"<i>Really</i> fights back.\" 	« Riposte <i>vraiment</i>. » 
GG_Nessan	She takes a deep and deliberate breath. 	Elle prend une profonde inspiration délibérée. 
GG_Nessan	\"Now, enough of- of complicated topics. Tell me, human, do you have a mate?\" 	« Bon, assez de— de sujets compliqués. Dites-moi, humain, avez-vous une compagne ? » 
GG_Nessan	NO. Do <i>NOT</i> answer that. 	NON. Ne réponds <i>SURTOUT PAS</i> à ça. 
GG_Nessan	The elf speaks of nature as a close ally. You should- 	L'elfe parle de la nature comme d'une alliée proche. Tu devrais— 
GG_Nessan	Wait, what did she just ask? 	Attends, qu'est-ce qu'elle vient de demander ? 
GG_Nessan	(Stare at her.) 	(La fixer.) 
GG_Nessan	\"Well?\" 	« Alors ? » 
GG_Nessan	Your cheeks clench. 	Vos joues se crispent. 
GG_Nessan	She is not allowed to pry. Rebuke her! 	Elle n'a pas le droit de fouiner. Rabroue-la ! 
GG_Nessan	No. No...! Not good. 	Non. Non... ! Pas bon. 
GG_Nessan	Your companion takes a few steps further away. 	Votre compagnon recule de quelques pas supplémentaires. 
GG_Nessan	Don't worry. She's not hitting on you. She means it more like 'are you married'. 	Ne t'en fais pas. Elle ne te drague pas. Elle veut plutôt dire « êtes-vous marié ». 
GG_Nessan	Calm down. This is not a hostile situation. 	Calme-toi. Ce n'est pas une situation hostile. 
GG_Nessan	Your mind races. Hostile? No. Probably not? 	Ton esprit s'emballe. Hostile ? Non. Probablement pas ? 
GG_Nessan	\"None. Of. Your. Business.\" 	« Ça. Ne. Vous. Regarde. Pas. » 
GG_Nessan	\"Elaborate.\" 	« Élaborez. » 
GG_Nessan	\"Sure.\" 	« Bien sûr. » 
GG_Nessan	\"I apologize. I did not mean to ask something controversial.\" 	« Je vous présente mes excuses. Je n'avais pas l'intention de poser une question controversée. » 
GG_Nessan	\"Of course! I apologize if I was vague, human.\" 	« Bien sûr ! Je vous présente mes excuses si j'ai été vague, humain. » 
GG_Nessan	\"Really?\" 	« Vraiment ? » 
GG_Nessan	Ouch. 	Aïe. 
GG_Nessan	That's one's sticking with you. 	Celle-là, tu vas la traîner avec toi. 
GG_Nessan	\"I've got loads.\" 	« J'en ai des tonnes. » 
GG_Nessan	\"Oh. No, I do not mean like...\" 	« Oh. Non, je ne veux pas dire comme... » 
GG_Nessan	\"I only mean - most humans in this settlement group in pairs.\" 	« Je veux dire seulement — la plupart des humains de cet établissement se groupent en paires. » 
GG_Nessan	\"I wondered if those of your kind do the same? Form such long-term committed partnerships?\" 	« Je me demandais si ceux de votre espèce font de même ? Forment de tels partenariats engagés à long terme ? » 
GG_Nessan	That's a slightly less inflammatory question. 	C'est une question légèrement moins explosive. 
GG_Nessan	She did not have ill-intent in her original inquiry. 	Elle n'avait pas de mauvaise intention dans sa demande initiale. 
GG_Nessan	\"No. I am married to my work.\" (Clear your throat.) 	« Non. Je suis marié à mon travail. » (Se racler la gorge.) 
GG_Nessan	\"I'm The Cleric. I go solo.\" 	« Je suis Le Clerc. Je travaille en solo. » 
GG_Nessan	As you turn around you see your partner half-hiding behind the corner. 	En vous retournant, vous voyez votre partenaire à demi caché derrière le coin. 
GG_Nessan	\"I refute that.\" 	« Je réfute cela. » 
GG_Nessan	\"Sad to say, your- your partner doesn't seem as committed,\" she quips. 	« Désolée de le dire, votre— votre partenaire ne semble pas aussi engagé », rétorque-t-elle. 
GG_Nessan	She lowers her mushroom cap and sighs. 	Elle abaisse son chapeau-champignon et soupire. 
GG_Nessan	\"I see. It is the same here then.\" 	« Je vois. C'est donc pareil ici. » 
GG_Nessan	\"The path of an esoteric guardian is to be alone.\" 	« La voie d'un gardien ésotérique est d'être seul. » 
GG_Nessan	Sad but true. 	Triste mais vrai. 
GG_Nessan	You're never alone. Even when it feels like you are. 	Tu n'es jamais seul. Même quand tu en as l'impression. 
GG_Nessan	The elf starts adding some kind of oily liquid to her mushroom bowl. 	L'elfe se met à ajouter une sorte de liquide huileux à son bol de champignons. 
GG_Nessan	A strange substance. Golden. Perhaps from some kind of Undersea whale? 	Une substance étrange. Dorée. Peut-être d'une sorte de baleine de la Sous-Mer ? 
GG_Nessan	It's just olive oil. Cheap brand. 	C'est juste de l'huile d'olive. Une marque bon marché. 
GG_Nessan	\"If this old- old elf can guide you in any way: make it so.\" 	« Si cette vieille— vieille elfe peut vous guider de quelque manière : faites en sorte qu'il en soit ainsi. » 
GG_Nessan	\"If not, I will return to my toil.\" 	« Sinon, je retournerai à ma besogne. » 
GG_Nessan	The elf looks you up and down as you approach. 	L'elfe vous toise de haut en bas à votre approche. 
GG_Nessan	\"Human.\" 	« Humain. » 
GG_Nessan	A friendly greeting. 	Un salut amical. 
GG_Nessan	Don't know what you did to deserve that. 	On ne sait pas ce que tu as fait pour mériter ça. 
GG_Nessan	\"What do you know about the tea shop?\" 	« Que savez-vous de la boutique de thé ? » 
GG_Nessan	ROLL20 wis-Show your primal attunement. 	Montrer votre harmonisation primordiale. 
GG_Nessan	E-\"That's it. Bye.\" 	\"C'est tout. Bye.\" 
GG_Nessan	\"Shut up.\" 	« Tais-toi. » 
GG_Nessan	He turns away from you and the mushroom lady. 	Il se détourne de vous et de la dame champignon. 
GG_Nessan	\"Do not worry. The Lady's Runner here is not a- a 'fan' of fungi.\" 	« Ne vous en faites pas. Le Coursier de la Dame ici n'est pas un— un « amateur » de champignons. » 
GG_Nessan	\"I'm just keeping a safe distance, alright?\" 	« Je garde juste une distance de sécurité, d'accord ? » 
GG_Nessan	He takes a few more steps away. 	Il recule de quelques pas supplémentaires. 
GG_Nessan	Suddenly you realize it might actually not be so safe to hang around here. 	Soudain, tu réalises qu'il n'est peut-être pas si sûr de traîner par ici. 
GG_Nessan	Your companion must have had a bad experience with mushrooms as some point. You should inquire about that later. 	Ton compagnon a dû avoir une mauvaise expérience avec des champignons à un moment donné. Tu devrais te renseigner là-dessus plus tard. 
GG_Nessan	This info will come in handy later, for sure... 	Cette info te sera utile plus tard, c'est certain... 
GG_Nessan	\"You...\" 	« Vous... » 
GG_Nessan	Her normally wide smile fades. 	Son sourire habituellement large s'éteint. 
GG_Nessan	\"An Illym, I presume. I do not consort with their kind.\" 	« Une Illym, je présume. Je ne fraye pas avec leur engeance. » 
GG_Nessan	\"I'm afraid I cannot help in any way, apart from offering you a free piece- piece of advice. A tip, if you will.\" 	« Je crains de ne pouvoir aider en aucune manière, sinon en vous offrant un— un conseil gratuit. Un tuyau, si vous voulez. » 
GG_Nessan	\"Only a tip?\" 	« Seulement un tuyau ? » 
GG_Nessan	\"Please do.\" 	\"Je t'en prie.\" 
GG_Nessan	She makes a coughing-ish sound. 	Elle émet un son ressemblant à une toux. 
GG_Nessan	\"<i>Tread carefully</i>.\" 	« <i>Marchez avec précaution</i>. » 
GG_Nessan	\"The roots of Illym grow far and deep. They will strangle you given the chance.\" 	« Les racines d'Illym croissent loin et profond. Elles vous étrangleront pour peu qu'on leur en donne l'occasion. » 
GG_Nessan	\"Do not anger the Mender's shadow.\" 	« Ne courroucez pas l'ombre du Raccommodeur. » 
GG_Nessan	\"I don't understand.\" 	\"Je ne comprends pas.\" 
GG_Nessan	\"Got it. I'll be careful.\" 	« Compris. Je ferai attention. » 
GG_Nessan	Her smile returns. \"They do shady business. If the tea shop is their fault, you cannot do much.\" 	Son sourire revient. « Ils font des affaires louches. Si le salon de thé est de leur faute, vous ne pourrez pas y faire grand-chose. » 
GG_Nessan	\"So be careful, just in case.\" 	« Alors soyez prudent, au cas où. » 
GG_Nessan	\"Got it. I'll be careful.\" 	« Compris. Je ferai attention. » 
GG_Nessan	\"Good.\" She nods. \"Good...\" 	« Bien. » Elle hoche la tête. « Bien... » 
GG_Nessan	Her smile returns. \"Good.\" She nods. \"Good...\" 	Son sourire revient. « Bien. » Elle hoche la tête. « Bien... » 
GG_Nessan	\"Only what the roots whisper to me.\" 	« Seulement ce que les racines me chuchotent. » 
GG_Nessan	The elf leans closer, twisting her head to the side. 	L'elfe se penche, tordant la tête de côté. 
GG_Nessan	\"You must delve deep, human. Something rotten happened that day.\" 	« Vous devez creuser profond, humain. Quelque chose de pourri s'est produit ce jour-là. » 
GG_Nessan	\"The <i>green quakes</i>. They fear what's to come. They <i>whisper</i>.\" 	« Le <i>vert tremble</i>. Ils craignent ce qui vient. Ils <i>chuchotent</i>. » 
GG_Nessan	\"Oh. Do they whisper anything useful?\" 	« Oh. Chuchotent-ils quelque chose d'utile ? » 
GG_Nessan	\"So you were here when it exploded?\" 	« Donc vous étiez ici quand il a explosé ? » 
GG_Nessan	\"And what do the <i>goblins</i> whisper about?\" 	« Et de quoi chuchotent les <i>gobelins</i> ? » 
GG_Nessan	\"What do you think happened?\" 	« Que pensez-vous qu'il s'est passé ? » 
GG_Nessan	M-\"Thanks.\" 	« Merci. » 
GG_Nessan	She leans back and lets out a resigned sigh. \"You- you do not speak with trees often, do you?\" 	Elle se rejette en arrière et laisse échapper un soupir résigné. « Vous— vous ne parlez pas souvent avec les arbres, n'est-ce pas ? » 
GG_Nessan	You should stop and listen more often. 	Tu devrais t'arrêter et écouter plus souvent. 
GG_Nessan	Insane behavior. 	Comportement insensé. 
GG_Nessan	\"No. I was much further below.\" 	« Non. J'étais bien plus en bas. » 
GG_Nessan	\"That the city is at fault. That Lady Sageleaf should take over.\" 	« Que la cité est en tort. Que Dame Feuille-de-Sauge devrait prendre les rênes. » 
GG_Nessan	\"The usual.\" 	« L'habituel. » 
GG_Nessan	Such speech is highly illegal. 	De tels propos sont hautement illégaux. 
GG_Nessan	It is, in fact, not. 	Ils ne le sont pas, en fait. 
GG_Nessan	Although some might argue it should be. 	Quoique certains pourraient soutenir qu'ils devraient l'être. 
GG_Nessan	\"I will not deliberate on things I have no knowledge about.\" 	« Je ne délibérerai pas sur des choses dont je n'ai pas connaissance. » 
GG_Nessan	Refreshing sentiment. 	Sentiment rafraîchissant. 
GG_Nessan	Where's the fun in that? 	Où est le plaisir là-dedans ? 
GG_Nessan	\"You're welcome.\" 	« Je vous en prie. » 
GG_Nessan	\"I am not a citizen of Norvik.\" 	« Je ne suis pas citoyenne de Norvik. » 
GG_Nessan	According to city law, universal suffrage includes any inhabitants of Norvikian soil as of the 1st of Ingarmi, '26. 	Selon la loi de la cité, le suffrage universel inclut tout habitant du sol norvikien à compter du 1er Ingarmi de l'an '26. 
GG_Nessan	DC14 int-\"How long have you lived here?\" 	DC14 int-« Depuis combien de temps vivez-vous ici ? » 
GG_Nessan	\"Okay. Cool.\" 	« D'accord. Cool. » 
GG_Nessan	\"Mm. About a- a year. How so?\" 	« Mm. Environ un— un an. Comment cela ? » 
GG_Nessan	\"That makes you a citizen, citizen.\" 	« Cela fait de vous une citoyenne, citoyenne. » 
GG_Nessan	\"Oh.\" 	« Oh. » 
GG_Nessan	She's taken aback by these news. 	Elle est interloquée par cette nouvelle. 
GG_Nessan	\"Don't I get a say in that?\" 	« N'ai-je pas mon mot à dire là-dessus ? » 
GG_Nessan	\"<b>No</b>.\" 	« <b>Non</b>. » 
GG_Nessan	\"If you don't tell the government, you're probably fine.\" 	« Si vous ne le dites pas au gouvernement, ça devrait aller. » 
GG_Nessan	The elf shrugs. \"Okay.\" 	L'elfe hausse les épaules. « D'accord. » 
GG_Nessan	She accepts citizenship with ease. Soon she will be integrated properly. 	Elle accepte la citoyenneté avec aisance. Bientôt, elle sera convenablement intégrée. 
GG_Nessan	You might have just convinced her to go vote. We'll see. 	Tu viens peut-être de la convaincre d'aller voter. On verra. 
GG_Nessan	\"Then, perhaps I- I won't. Thank you, human.\" 	« Alors, peut-être que je— je ne le ferai pas. Merci, humain. » 
GG_Nessan	\"Cool.\" 	« Cool. » 
GG_Nessan	\"What do you want to know, human?\" 	« Que voulez-vous savoir, humain ? » 
GG_Nessan	\"What is Druidcraft, really?\" 	« Qu'est-ce que le Druidisme, au juste ? » 
GG_Nessan	\"Can druids create magical food, perhaps?\" 	« Les druides peuvent-ils créer de la nourriture magique, par hasard ? » 
GG_Nessan	\"Can nature... protect me?\" 	« La nature peut-elle... me protéger ? » 
GG_Nessan	\"What are these 'Primal forces'?\" 	« Que sont ces « forces Primordiales » ? » 
GG_Nessan	\"What differs primal from arcane and divine forces?\" 	« Qu'est-ce qui différencie le primordial des forces arcaniques et divines ? » 
GG_Nessan	\"Thank you, that's all the magic questions for now.\" 	« Merci, c'est tout pour les questions de magie pour l'instant. » 
GG_Nessan	\"That shouldn't be too- too hard.\" 	« Cela ne devrait pas être trop— trop difficile. » 
GG_Nessan	\"Here. A spell scroll to get you started.\" 	« Tenez. Un parchemin de sortilège pour vous lancer. » 
GG_Nessan	\"Cast it when you have an animal to speak with, and you should be able to hold a conversation, as long as you can keep up.\" 	« Lancez-le quand vous aurez un animal avec qui parler, et vous devriez pouvoir tenir une conversation, du moment que vous suivez. » 
GG_Nessan	\"Hmm. I- I would call it a most useful path of communication with nature.\" 	« Hmm. Je— je le qualifierais de voie de communication des plus utiles avec la nature. » 
GG_Nessan	\"It can be used for many a thing, but for you... I would suggest focusing on the basics.\" 	« Il peut être employé pour bien des choses, mais pour vous... je suggérerais de vous concentrer sur les bases. » 
GG_Nessan	\"Use it to move peacefully through the Roots. And to show your balanced nature to those Primal spirits who roam below.\" 	« Utilisez-le pour vous déplacer paisiblement à travers les Racines. Et pour montrer votre nature équilibrée à ces esprits Primordiaux qui rôdent en bas. » 
GG_Nessan	\"Certainly.\" 	« Certainement. » 
GG_Nessan	\"There is a spell that would be very useful for you, since- since you're on the run all the time.\" 	« Il y a un sortilège qui vous serait très utile, puisque— puisque vous êtes tout le temps en fuite. » 
GG_Nessan	\"Goodapple. It creates five apples.\" 	« Bonne-Pomme. Il crée cinq pommes. » 
GG_Nessan	\"Each can feed a grown man for a full day.\" 	« Chacune peut nourrir un homme adulte pour une journée entière. » 
GG_Nessan	\"Although, considering your diet, you could probably down a couple.\" 	« Quoique, vu votre régime, vous pourriez probablement en avaler quelques-unes. » 
GG_Nessan	\"Oh! I love apples. Can I have that spell, please?\" 	« Oh ! J'adore les pommes. Puis-je avoir ce sortilège, je vous prie ? » 
GG_Nessan	\"Apples, huh...\" (Smirk.) 	« Des pommes, hein... » (Sourire en coin.) 
GG_Nessan	(Hold out your hand.) 	(Tendre la main.) 
GG_Nessan	She looks at it. 	Elle la regarde. 
GG_Nessan	\"I don't have that spell scroll. Sorry.\" 	« Je n'ai pas ce parchemin de sortilège. Désolée. » 
GG_Nessan	\"But I do seem to remember... I handed one to Moongore. She might keep one in the Roots of Puu.\" 	« Mais il me semble me souvenir... j'en ai donné un à Moongore. Elle en garde peut-être un dans les Racines de Puu. » 
GG_Nessan	\"How can I get that Goodapple spell scroll?\" 	« Comment puis-je obtenir ce parchemin de Bonne-Pomme ? » 
GG_Nessan	\"Are these apples real, or fake?\" 	« Ces pommes sont-elles vraies, ou fausses ? » 
GG_Nessan	M-\"Good, good.\" 	« Bien, bien. » 
GG_Nessan	\"One of Sageleaf's enforcers. A bugbear. Lovely woman.\" 	« L'une des exécutrices de Feuille-de-Sauge. Une gobelours. Une femme charmante. » 
GG_Nessan	\"Yes- yes! Indeed! How wonderful.\" 	« Oui— oui ! En effet ! Quelle merveille. » 
GG_Nessan	\"She really needs more socializing down there. Such a lovely woman.\" 	« Elle a vraiment besoin de plus de socialisation là-bas. Une femme si charmante. » 
GG_Nessan	\"Just tell her I sent you. Moongore and I are friends, you see.\" 	« Dites-lui simplement que je vous envoie. Moongore et moi sommes amies, voyez-vous. » 
GG_Nessan	\"You- you stole it?\" 	« Vous— vous l'avez volé ? » 
GG_Nessan	Her grin widens. \"Aren't you just full of surprises?\" 	Son sourire s'élargit. « N'êtes-vous pas plein de surprises ? » 
GG_Nessan	Creepy. Even by your standards. 	Glauque. Même selon tes standards. 
GG_Nessan	\"They're real.\" 	« Elles sont vraies. » 
GG_Nessan	\"I've customized the spell myself, in the process of helping Sageleaf's apple strains down here.\" 	« J'ai personnalisé le sortilège moi-même, dans le cadre de mon aide aux variétés de pommes de Feuille-de-Sauge ici en bas. » 
GG_Nessan	\"Magically created, yes. But real.\" 	« Créées par magie, oui. Mais bien réelles. » 
GG_Nessan	\"Good. Good...\" 	« Bien. Bien... » 
GG_Nessan	\"Quite the <i>bite</i> on her.\" 	« Quelle <i>morsure</i>, celle-là. » 
GG_Nessan	What is she implying? 	Que sous-entend-elle ? 
GG_Nessan	Bugbears bite. That makes sense. 	Les gobelours mordent. Cela a du sens. 
GG_Nessan	The elf is quite the provoker. Horrible. 	L'elfe est une sacrée provocatrice. Horrible. 
GG_Nessan	\"...Of course. With Barkskin.\" 	« ... Bien sûr. Avec Peau d'Écorce. » 
GG_Nessan	\"I- I do have a spell scroll of it. But it's down in the Roots. Below the Garden.\" 	« J'en— j'en ai un parchemin de sortilège. Mais il est en bas dans les Racines. Sous le Jardin. » 
GG_Nessan	\"If you pass by, take it. I keep a cache hidden underneath Lord Puu.\" 	« Si vous passez par là, prenez-le. Je garde une cache dissimulée sous le Seigneur Puu. » 
GG_Nessan	Puu is elvish for 'tree'. 	Puu signifie « arbre » en elfique. 
GG_Nessan	DC11 int-\"Ah. Some kind of animated tree, I suppose?\" 	DC11 int-« Ah. Quelque sorte d'arbre animé, je suppose ? » 
GG_Nessan	\"...Puu?\" 	« ... Puu ? » 
GG_Nessan	\"And this Lord will just give me the cache?\" 	« Et ce Seigneur va simplement me donner la cache ? » 
GG_Nessan	\"Something like that.\" 	« Quelque chose comme ça. » 
GG_Nessan	\"A cute nickname.\" 	« Un surnom mignon. » 
GG_Nessan	She giggles. 	Elle pouffe. 
GG_Nessan	\"We have a- a- password. Just say... <i>'Minun Seksikäs Puuni'</i>. And he'll open right up.\" 	« Nous avons un— un— mot de passe. Dites simplement... <i>« Minun Seksikäs Puuni »</i>. Et il s'ouvrira aussitôt. » 
GG_Nessan	I bet he does. 	J'imagine bien que oui. 
GG_Nessan	\"You can have the other stuff inside as well. Since- since Sageleaf wants you to succeed.\" 	« Vous pouvez prendre les autres choses à l'intérieur aussi. Puisque— puisque Feuille-de-Sauge veut votre réussite. » 
GG_Nessan	That should translate to the equivalence of, 'My sexy tree'. 	Cela devrait se traduire par l'équivalent de « Mon arbre sexy ». 
GG_Nessan	What is wrong with this elf? That is foul. 	Qu'est-ce qui cloche chez cette elfe ? C'est ignoble. 
GG_Nessan	Nothing wrong with a little teasing. 	Rien de mal à une petite taquinerie. 
GG_Nessan	\"Oh. Great, thanks.\" 	« Oh. Génial, merci. » 
GG_Nessan	FC19 int-\"What does that mean?\" 	FC19 int-« Qu'est-ce que cela signifie ? » 
GG_Nessan	DC19 int-\"...What is your relationship with this tree?\" 	DC19 int-« ... Quelle est votre relation avec cet arbre ? » 
GG_Nessan	\"You're welcome.\" 	« Je vous en prie. » 
GG_Nessan	\"Flattery of the highest kind.\" 	« De la flatterie de la plus haute sorte. » 
GG_Nessan	\"Entirely platonic, my- my good cleric.\" 	« Entièrement platonique, mon— mon bon clerc. » 
GG_Nessan	\"But trust me, flattery will go a long way with bark. Bark- bark and wood.\" 	« Mais croyez-moi, la flatterie va loin avec l'écorce. L'écorce— l'écorce et le bois. » 
GG_Nessan	She gives you a creepy smile. 	Elle vous adresse un sourire glauque. 
GG_Nessan	\"Just-just give the password, and he will grant you access.\" 	« Donnez— donnez juste le mot de passe, et il vous accordera l'accès. » 
GG_Nessan	\"Nature.\" 	« La nature. » 
GG_Nessan	Her face says, 'it is self-explanatory'. 	Son visage dit : « ça va de soi ». 
GG_Nessan	\"That includes, but is not limited to, elements, life, anything that grows, really. It is that which exists at the core of all.\" 	« Cela inclut, sans s'y limiter, les éléments, la vie, tout ce qui croît, en réalité. C'est ce qui existe au cœur de toute chose. » 
GG_Nessan	\"But even after alterations it remains within. Generally speaking- speaking, a clump of ore will be more 'primal' than a forged blade.\" 	« Mais même après altérations, cela demeure à l'intérieur. De manière générale— générale, un amas de minerai sera plus « primordial » qu'une lame forgée. » 
GG_Nessan	\"In short, the primal emerges from natural energies.\" 	« En bref, le primordial émerge des énergies naturelles. » 
GG_Nessan	Decent explanation. 	Explication décente. 
GG_Nessan	Not following. Not interested either. 	Je ne suis pas. Ni intéressé non plus. 
GG_Nessan	She squints and stares at you for a while. 	Elle plisse les yeux et vous fixe un moment. 
GG_Nessan	\"The answer to that... could be- be many.\" 	« La réponse à cela... pourrait être— être multiple. » 
GG_Nessan	\"I would lean towards... saying that- that they differ in only origin.\" 	« Je pencherais pour... dire qu'elles— qu'elles ne diffèrent que par l'origine. » 
GG_Nessan	\"But that origin makes all the difference in the world.\" 	« Mais cette origine fait toute la différence du monde. » 
GG_Nessan	\"How do you mean?\" 	« Comment cela ? » 
GG_Nessan	\"Sure, that makes sense.\" 	« Bien sûr, cela a du sens. » 
GG_Nessan	\"Hmm. I- I do not know.\" 	« Hmm. Je— je ne sais pas. » 
GG_Nessan	\"It is like, forces that flow through Jor's Strings.\" 	« C'est comme, des forces qui s'écoulent à travers les Fils de Jor. » 
GG_Nessan	\"Some flow from divine sources. Some flow from natural, primal, sources.\" 	« Certaines s'écoulent depuis des sources divines. D'autres depuis des sources naturelles, primordiales. » 
GG_Nessan	\"While the arcane... it is more... like plucking those Strings themselves.\" 	« Tandis que l'arcanique... c'est plutôt... comme pincer ces Fils eux-mêmes. » 
GG_Nessan	\"Editing the rules. Something like- like that.\" 	« Modifier les règles. Quelque chose comme— comme ça. » 
GG_Nessan	\"Good. I am not too- too good at teaching.\" 	« Bien. Je ne suis pas très— très douée pour enseigner. » 
GG_Nessan	\"I am more of an exploratory esotericist.\" 	« Je suis davantage une ésotériste exploratoire. » 
GG_Nessan	She gives you a slow nod. 	Elle vous adresse un lent hochement de tête. 
GG_Nessan	\"You're very welcome, human.\" 	« Je vous en prie, humain. » 
GG_Nessan	\"What do 'elves' look like?\" 	« À quoi ressemblent les « elfes » ? » 
GG_Nessan	Pointy eared bastards. 	Des saletés aux oreilles pointues. 
GG_Nessan	Ym Elves are monstrous. Illym elves are tree-like. Pimeä Elves are simply gray. 	Les Elfes Ym sont monstrueux. Les elfes Illym ressemblent à des arbres. Les Elfes Pimeä sont simplement gris. 
GG_Nessan	\"Not like you.\" 	« Pas comme vous. » 
GG_Nessan	\"I suppose there are many kinds of elves.\" 	« Je suppose qu'il existe plusieurs sortes d'elfes. » 
GG_Nessan	\"Maybe you do look like an elf...\" 	« Peut-être que vous ressemblez bien à une elfe... » 
GG_Nessan	She nods. \"We do not call ourselves that. But to your people, yes. I am an elf.\" 	Elle hoche la tête. « Nous ne nous appelons pas ainsi. Mais pour votre peuple, oui. Je suis une elfe. » 
GG_Nessan	\"Pimeä-\" 	« Pimeä— » 
GG_Nessan	She closes her eyes. \"<i>Pimeä yö oli täynnä tähtiä</i>.\" 	Elle ferme les yeux. « <i>Pimeä yö oli täynnä tähtiä</i>. » 
GG_Nessan	\"We are the Elves of Stars.\" 	« Nous sommes les Elfes des Étoiles. » 
GG_Nessan	She recited the first line of an ancient declaration of war between Illym and Pimeä. 	Elle a récité la première ligne d'une antique déclaration de guerre entre Illym et Pimeä. 
GG_Nessan	It is the only known war between elven civilizations in recorded history. 	C'est la seule guerre connue entre civilisations elfiques dans l'histoire enregistrée. 
GG_Nessan	'Pimeä' is our name for their people, but it is not correct. Remember that. 	« Pimeä » est notre nom pour leur peuple, mais il n'est pas exact. Souviens-t'en. 
GG_Nessan	\"Any questions?\" 	« D'autres questions ? » 
GG_Nessan	\"You speak elvish? Impressive.\" 	« Vous parlez elfique ? Impressionnant. » 
GG_Nessan	\"Do your people have a great civilization below?\" 	« Votre peuple possède-t-il une grande civilisation en bas ? » 
GG_Nessan	\"So you're from the Undercoast. How do I get there?\" 	« Donc vous êtes de la Sous-Côte. Comment fait-on pour s'y rendre ? » 
GG_Nessan	\"I don't like elves.\" 	« Je n'aime pas les elfes. » 
GG_Nessan	\"I've got some other questions.\" 	« J'ai d'autres questions. » 
GG_Nessan	She looks to the side, then back to you. \"Your grasp on the- the human tongue is remarkable as well.\" 	Elle regarde de côté, puis revient à vous. « Votre maîtrise de la— de la langue humaine est tout aussi remarquable. » 
GG_Nessan	She's too kind. 	Elle est trop bonne. 
GG_Nessan	You confuse her. In a semi-good way. 	Tu la déconcertes. D'une manière à demi bonne. 
GG_Nessan	\"No.\" 	« Non. » 
GG_Nessan	\"I believe your people would call us nomads.\" 	« Je crois que votre peuple nous appellerait des nomades. » 
GG_Nessan	\"Holes and tunnels.\" 	« Des trous et des tunnels. » 
GG_Nessan	\"There are more than enough, even within viewing distance.\" 	« Il y en a largement assez, même à portée de vue. » 
GG_Nessan	\"Though I'd recommend gaining Lady Sageleaf's approval first.\" 	« Quoique je recommanderais d'obtenir d'abord l'approbation de Dame Feuille-de-Sauge. » 
GG_Nessan	She laughs, dropping the mushroom she was about to place in her bowl. 	Elle rit, laissant tomber le champignon qu'elle s'apprêtait à placer dans son bol. 
GG_Nessan	\"No worries. Most elves don't like you either, human.\" 	« Pas d'inquiétude. La plupart des elfes ne vous aiment pas non plus, humain. » 
GG_Nessan	\"But if I may ask, why don't you like elves?\" 	« Mais si je puis demander, pourquoi n'aimez-vous pas les elfes ? » 
GG_Nessan	\"The ears. They freak me out.\" 	« Les oreilles. Elles me filent les jetons. » 
GG_Nessan	\"You're evil colonizers.\" 	« Vous êtes de mauvais colonisateurs. » 
GG_Nessan	\"Each and every one of you is a weirdo. I mean, look at you. You have a mushroom on your head. Who does that?\" 	« Chacun d'entre vous est un cinglé. Enfin, regardez-vous. Vous avez un champignon sur la tête. Qui fait ça ? » 
GG_Nessan	\"Oh! Yours 'freak me out' as well.\" 	« Oh ! Les vôtres « me filent les jetons » aussi. » 
GG_Nessan	\"So stubby.\" 	« Si rabougries. » 
GG_Nessan	\"I have indeed heard the Illym are often called that in your settlement...\" 	« J'ai effectivement entendu dire que les Illym sont souvent appelés ainsi dans votre établissement... » 
GG_Nessan	\"The mushroom is entirely a me-thing.\" 	« Le champignon, c'est entièrement un truc à moi. » 
GG_Nessan	\"I'm the 'weirdo', just me,\" she says and smirks. 	« La « cinglée », c'est juste moi », dit-elle avec un sourire en coin. 
GG_Nessan	\"Let me ask you something in return. Why should I 'like' humans?\" 	« Laissez-moi vous demander quelque chose en retour. Pourquoi devrais-je « aimer » les humains ? » 
GG_Nessan	\"Duh. We're the good guys.\" 	« Ben. On est les gentils. » 
GG_Nessan	\"Big. Strong. Likable.\" 	« Grands. Forts. Sympathiques. » 
GG_Nessan	\"I think you should like humans a medium amount.\" 	« Je pense que vous devriez aimer les humains de manière moyenne. » 
GG_Nessan	\"You shouldn't.\" 	« Vous ne devriez pas. » 
GG_Nessan	Her smile drops and she looks down on her left palm. 	Son sourire retombe et elle baisse les yeux sur sa paume gauche. 
GG_Nessan	\"<i>As the giant skies fell down.</i>\" 	« <i>Tandis que les cieux géants s'effondraient.</i> » 
GG_Nessan	Her voice carries a melody. Faintly. 	Sa voix porte une mélodie. Faiblement. 
GG_Nessan	\"<i>Spirits filled the air and the solid ground.</i>\" 	« <i>Les esprits emplissaient l'air et le sol solide.</i> » 
GG_Nessan	That is <i>The Ranger</i>. An Arcane Era poem written during the worse decades of the Coast War. 	C'est <i>Le Rôdeur</i>. Un poème de l'Ère Arcanique écrit pendant les pires décennies de la Guerre de la Côte. 
GG_Nessan	It's quite famous for being one of the few pieces of canon human literature written by a half-elf. 	Il est assez célèbre pour être l'un des rares textes du canon littéraire humain écrits par un demi-elfe. 
GG_Nessan	A poem? Wait, have you... heard this before? 	Un poème ? Attends, est-ce que tu... as déjà entendu ça ? 
GG_Nessan	You've read it, during your studies. 	Tu l'as lu, durant tes études. 
GG_Nessan	Though you never quite figured out what it meant. You do know what it made you feel. 	Quoique tu n'aies jamais vraiment compris ce qu'il signifiait. Tu sais bien ce qu'il t'a fait ressentir. 
GG_Nessan	Lonely. 	Seul. 
GG_Nessan	\"I don't dislike humans.\" 	« Je n'ai pas d'aversion pour les humains. » 
GG_Nessan	\"You've made many mistakes, but...\" 	« Vous avez commis bien des erreurs, mais... » 
GG_Nessan	She takes a determined breath. 	Elle prend une inspiration résolue. 
GG_Nessan	\"The son does not need dig the trench of the father.\" 	« Le fils n'a point besoin de creuser la tranchée du père. » 
GG_Nessan	\"But he has to choose to fill it in.\" 	« Mais il doit choisir de la combler. » 
GG_Nessan	Yet right now, the whole world is nothing but mud and stone. 	Pourtant en ce moment, le monde entier n'est que boue et pierre. 
GG_Nessan	You will NEVER get out. 	Tu n'en sortiras JAMAIS. 
GG_Nessan	She gives you a knowing look. 	Elle vous adresse un regard entendu. 
GG_Nessan	\"I get it.\" 	« Je comprends. » 
GG_Nessan	\"I don't get it.\" 	« Je comprends pas. » 
GG_Nessan	\"Anyway.\" 	« Bref. » 
GG_Nessan	She just smiles. 	Elle se contente de sourire. 
GG_Nessan	\"Great.\" 	« Super. » 
GG_Nessan	\"What do you mean?\" 	« Que voulez-vous dire ? » 
GG_Nessan	You see it. Behold. 	Tu la vois. Contemple. 
GG_Nessan	\"I see it.\" 	« Je le vois. » 
GG_Nessan	\"See... see what?\" 	« Voir... voir quoi ? » 
GG_Nessan	Her loneliness. 	Sa solitude. 
GG_Nessan	\"You're all alone here.\" 	« Vous êtes toute seule ici. » 
GG_Nessan	\"An elf like you, surrounded by goblins.\" 	« Une elfe comme vous, entourée de gobelins. » 
GG_Nessan	She sighs. \"You see right through me, human. I'm impressed.\" 	Elle soupire. « Vous me percez à jour, humain. Je suis impressionnée. » 
GG_Nessan	\"I left. Or was made to leave. For a time.\" 	« Je suis partie. Ou on m'a forcée à partir. Pour un temps. » 
GG_Nessan	\"Hierophant Ohpidana. You're in trouble.\" 	« La Hiérophante Ohpidana. Vous avez des ennuis. » 
GG_Nessan	\"Yes.\" 	« Oui. » 
GG_Nessan	She can't help but laugh. \"Gods, you've got me- me nailed down.\" 	Elle ne peut s'empêcher de rire. « Par les dieux, vous m'avez— m'avez cernée. » 
GG_Nessan	\"I might have clashed a bit with her methods.\" 	« J'ai peut-être un peu heurté ses méthodes. » 
GG_Nessan	\"She's... an old druid. Ancient, really. So it's just natural she'd be- be hard to convince for new trails.\" 	« C'est... une vieille druidesse. Ancienne, vraiment. Il est donc tout naturel qu'elle soit— soit difficile à convaincre pour de nouveaux sentiers. » 
GG_Nessan	\"I tried. Didn't end well.\" 	« J'ai essayé. Ça ne s'est pas bien fini. » 
GG_Nessan	\"I'm in a similar seat. Somewhat.\" 	« Je suis dans une situation similaire. Plus ou moins. » 
GG_Nessan	\"Don't fight old forces. It doesn't end well.\" 	« Ne combattez pas les vieilles forces. Cela ne finit pas bien. » 
GG_Nessan	\"Keep it up.\" (Give her a fist bump.) 	« Continuez comme ça. » (Lui donner un check du poing.) 
GG_Nessan	\"Oh. Then you know what it's like.\" 	« Oh. Alors vous savez ce que c'est. » 
GG_Nessan	\"You sound like most of my peers.\" 	« Vous parlez comme la plupart de mes pairs. » 
GG_Nessan	She laughs again, meeting your fist halfway. 	Elle rit à nouveau, allant à mi-chemin de votre poing. 
GG_Nessan	She sighs. \"When you walk into the wall made out of powerful people in rigid hierarchies... it hurts.\" 	Elle soupire. « Quand on se cogne au mur fait de gens puissants en hiérarchies rigides... ça fait mal. » 
GG_Nessan	\"It really hurts. Or more than that.\" 	« Ça fait vraiment mal. Ou plus que ça. » 
GG_Nessan	\"It breaks your dreams.\" 	« Ça brise vos rêves. » 
GG_Nessan	(Try to speak without cracking your voice.) \"Y-Yes.\" 	(Essayer de parler sans que votre voix ne se brise.) « O-Oui. » 
GG_Nessan	(Stay silent.) 	(Rester silencieux.) 
GG_Nessan	\"So now- now I'm here.\" 	« Alors maintenant— maintenant je suis ici. » 
GG_Nessan	\"Thanks to Lady Sageleaf.\" 	« Grâce à Dame Feuille-de-Sauge. » 
GG_Nessan	She looks behind her. \"The goblins are not perfect. But you should see the good in them.\" 	Elle regarde derrière elle. « Les gobelins ne sont pas parfaits. Mais vous devriez voir le bon en eux. » 
GG_Nessan	\"It is there. I know it.\" 	« Il est là. Je le sais. » 
GG_Nessan	You kneel. 	Vous vous agenouillez. 
GG_Nessan	\"Hm?\" 	« Hum ? » 
GG_Nessan	You need to prove it. 	Tu dois le prouver. 
GG_Nessan	Your attunement to nature. 	Ton harmonisation à la nature. 
GG_Nessan	\"Interesting. Yes-yes...\" 	« Intéressant. Oui— oui... » 
GG_Nessan	She places the bowl from her desk, to the ground before you. 	Elle place le bol de son bureau au sol devant vous. 
GG_Nessan	You must show what you've learned in your studies. 	Tu dois montrer ce que tu as appris durant tes études. 
GG_Nessan	The Primal forces are complicated, but you can still sense the tingle of Jor's Strings through every branch and mushroom. 	Les forces Primordiales sont compliquées, mais tu peux encore sentir le frémissement des Fils de Jor à travers chaque branche et chaque champignon. 
GG_Nessan	(Hold your hand over her bowl.) 	(Tenir votre main au-dessus de son bol.) 
GG_Nessan	As you reach out, the elf hums, \"Hm.\" 	Tandis que vous tendez la main, l'elfe murmure : « Hm. » 
GG_Nessan	She then moves the bowl even closer to you. 	Elle rapproche alors le bol encore plus de vous. 
GG_Nessan	You've attempted this before. It did not go well. 	Tu as déjà tenté cela auparavant. Ça ne s'est pas bien passé. 
GG_Nessan	You believe. That is all you require. 	Tu crois. C'est tout ce qu'il te faut. 
GG_Nessan	Magic is not an exact science, despite what the instructors in the Towers used to tell you. 	La magie n'est pas une science exacte, malgré ce que les instructeurs des Tours te disaient. 
GG_Nessan	The esoteric in your realm does not conform to 'rules'. That is the only rule they truly follow. 	L'ésotérique en ton royaume ne se conforme pas à des « règles ». C'est la seule règle qu'il suit véritablement. 
GG_Nessan	Now feel. The oily mushrooms inside this bowl. 	Maintenant, sens. Les champignons huileux dans ce bol. 
GG_Nessan	The STRINGS within them. Around them. 	Les FILS en eux. Autour d'eux. 
GG_Nessan	Grab one of them. Change it. 	Saisis-en un. Change-le. 
GG_Nessan	At first, nothing. 	D'abord, rien. 
GG_Nessan	Then a twinge. 	Puis un tressaillement. 
GG_Nessan	Whatever you touched, it is connected with the spores. The growth. The decay. 	Quoi que tu aies touché, c'est connecté aux spores. À la croissance. À la décomposition. 
GG_Nessan	You did little. But you did something. 	Tu as fait peu. Mais tu as fait quelque chose. 
GG_Nessan	The elf nods. 	L'elfe hoche la tête. 
GG_Nessan	\"What did I do?\" 	« Qu'ai-je fait ? » 
GG_Nessan	\"You ruined my brew.\" 	« Vous avez gâché ma mixture. » 
GG_Nessan	Shit. 	Merde. 
GG_Nessan	It's fine. Listen. 	Ça va. Écoute. 
GG_Nessan	\"Oh. Whoops.\" 	« Oh. Oups. » 
GG_Nessan	\"I meant to do that.\" 	« Je l'ai fait exprès. » 
GG_Nessan	She laughs. 	Elle rit. 
GG_Nessan	\"...You caused the fungi in the bowl to change acidity. It's subtle. But it's there.\" 	« ... Vous avez fait changer l'acidité des champignons dans le bol. C'est subtil. Mais c'est là. » 
GG_Nessan	\"You performed an act of Druidcraft, human.\" 	« Vous avez accompli un acte de Druidisme, humain. » 
GG_Nessan	Use Druidcraft to unlock unique interactions with the natural world. 	Utilise le Druidisme pour débloquer des interactions uniques avec le monde naturel. 
GG_Nessan	The goblin looks on, giving an uncharacteristically stunned expression. 	Le gobelin observe, affichant une expression de stupéfaction inhabituelle. 
GG_Nessan	\"I did?\" 	« Vraiment ? » 
GG_Nessan	\"Of course. I'm a natural.\" 	« Bien sûr. Je suis un naturel. » 
GG_Nessan	She gives you a lecherous smirk. 	Elle vous adresse un sourire lubrique. 
GG_Nessan	\"You are, aren't you?\" 	« Vous l'êtes, n'est-ce pas ? » 
GG_Nessan	Nessan grabs the bowl and pours the mushy mushrooms onto the ground. 	Nessan attrape le bol et déverse les champignons écrasés sur le sol. 
GG_Nessan	The contents wriggle before you. 	Le contenu se tortille devant vous. 
GG_Nessan	\"I made the mushroom come to LIFE?\" 	« J'ai fait prendre VIE au champignon ? » 
GG_Nessan	\"It went bad, huh?\" 	« Ça a mal tourné, hein ? » 
GG_Nessan	She looks up, reassuring you, \"No, no. They are supposed to move like that.\" 	Elle lève les yeux, en vous rassurant : « Non, non. Ils sont censés bouger ainsi. » 
GG_Nessan	\"You did not perform THAT big of an esoteric feat. Not-not yet at least.\" 	« Vous n'avez pas accompli un acte ésotérique AUSSI grandiose. Pas— pas encore, du moins. » 
GG_Nessan	\"It's fine,\" she reassures you. \"I'm the one who pushed you.\" 	« Tout va bien », vous rassure-t-elle. « C'est moi qui vous y ai poussé. » 
GG_Nessan	She chuckles, and puts the bowl back on her desk. 	Elle pouffe, et remet le bol sur son bureau. 
GG_Nessan	\"Perhaps... you can be <i>one</i> human I share knowledge with, if that is what you wish.\" 	« Peut-être... pouvez-vous être <i>l'un</i> des humains avec qui je partage mon savoir, si tel est votre souhait. » 
GG_Nessan	\"I love plants.\" (Give her a thumbs up.) 	« J'adore les plantes. » (Lui faire un pouce levé.) 
GG_Nessan	\"Please do. I want to learn.\" 	« Je vous en prie. Je veux apprendre. » 
GG_Nessan	(Shrug.) 	(Hausser les épaules.) 
GG_Nessan	\"Very well.\" 	« Très bien. » 
GG_Nessan	How could you do such a thing? 	Comment pourrais-tu faire une telle chose ? 
GG_Nessan	To prove attunement requires years of training. 	Prouver son harmonisation requiert des années d'entraînement. 
GG_Nessan	You've perhaps done a few exercises in your spare time. And you've read about druidic magic. 	Tu as peut-être fait quelques exercices à tes heures perdues. Et tu as lu sur la magie druidique. 
GG_Nessan	But... perhaps you can try it anyway. 	Mais... peut-être peux-tu essayer quand même. 
GG_Nessan	I have to try. (Kneel and focus.) 	Je dois essayer. (S'agenouiller et se concentrer.) 
GG_Nessan	Let's just... not. 	On va... éviter. 
GG_Nessan	You focus your mind. 	Vous concentrez votre esprit. 
GG_Nessan	On the nature around. 	Sur la nature alentour. 
GG_Nessan	The life. The decay. 	La vie. La décomposition. 
GG_Nessan	The funny-looking mushrooms. 	Les champignons à l'allure étrange. 
GG_Nessan	But you cannot sense it. 	Mais vous ne le sentez pas. 
GG_Nessan	Nothing. 	Rien. 
GG_Nessan	Magic is hard. 	La magie est difficile. 
GG_Nessan	Why isn't this working? 	Pourquoi ça ne marche pas ? 
GG_Nessan	Sure is. 	C'est sûr que oui. 
GG_Nessan	It takes time. Practice. 	Il faut du temps. De la pratique. 
GG_Nessan	Patience. 	De la patience. 
GG_Nessan	Maybe if I... (Start clenching.) 	Peut-être si je... (Commencer à se crisper.) 
GG_Nessan	Let's stop this. 	Arrêtons ça. 
GG_Nessan	You move from mind to muscle. 	Vous passez de l'esprit au muscle. 
GG_Nessan	No. You're barking up the wrong tree. 	Non. Tu fais fausse route. 
GG_Nessan	You keep clenching. 	Vous continuez à vous crisper. 
GG_Nessan	Pressure. 	De la pression. 
GG_Nessan	Pain. 	La douleur. 
GG_Nessan	Ouch. 	Aïe. 
GG_Nessan	But pain can be a good teacher. Perhaps you've learned something here. 	Mais la douleur peut être un bon maître. Peut-être as-tu appris quelque chose ici. 
GG_Nessan	The elf keeps working on her brew. 	L'elfe continue à travailler sur sa mixture. 
GG_Nessan	Out of nowhere a vine covered in sharp spikes wraps around your arm. 	De nulle part, une liane couverte de piques acérées s'enroule autour de votre bras. 
GG_Nessan	Quicker than you can react, with a sharp flick, it rips deep cuts into your flesh. 	Plus rapide que vous ne pouvez réagir, d'un coup sec, elle entaille profondément votre chair. 
GG_Nessan	Just barely reacting in time, you slither out of its grasp. But with a sharp flick, it still rips several cuts into your flesh. 	Réagissant tout juste à temps, vous vous extirpez de son étreinte. Mais d'un coup sec, elle vous inflige tout de même plusieurs entailles dans la chair. 
GG_Nessan	The elf retracts her Thorn Whip, causing it to fade into nothing. 	L'elfe rétracte son Fouet des Ronces, le faisant s'évanouir dans le néant. 
GG_Nessan	\"No, human. Do not touch those.\" 	« Non, humain. Ne touchez pas à ces choses. » 
GG_Nessan	The pain is too much. You cannot retort. 	La douleur est trop intense. Vous ne pouvez répliquer. 
GG_Nessan	The pain is overwhelming. 	La douleur est insoutenable. 
GG_Nessan	\"I suggest listening to her, Cleric,\" Snell tells you from very far away. 	« Je te suggère de l'écouter, Clerc », te dit Snell de très loin. 
GG_Nessan	DC14 con-\"I apologize. Please don't kill me.\" 	DC14 con-« Je vous présente mes excuses. Je vous en prie, ne me tuez pas. » 
GG_Nessan	E-(Mumble to yourself and waddle away.) 	(Marmonner pour vous-même et vous éloigner en dandinant.) 
GG_Nessan	\"I would never. This was just a warning.\" 	« Jamais je ne ferais cela. Ce n'était qu'un avertissement. » 
GG_Nessan	She smiles. 	Elle sourit. 
GG_Nessan	A genuine smile. She holds no ill-will against you, despite your heinous actions. 	Un sourire sincère. Elle n'a aucune rancœur contre vous, malgré vos actions odieuses. 
GG_Nessan	How horrifying. 	Quelle horreur. 
GG_Nessan	E-\"Okay, thanks.\" 	« D'accord 
Snell_NPC	You approach him below a sprawling tree. 	Tu t'approches de lui sous un arbre tentaculaire. 
Snell_NPC	The well dressed goblin stands proud beside his master. 	Le gobelin bien habillé se tient fièrement à côté de sa maîtresse. 
Snell_NPC	\"Go ahead, Cleric.\" 	« Vas-y, Clerc. » 
Snell_NPC	With a proud smirk he motions towards the wooden throne. 	Avec un sourire fier, il fait un geste vers le trône de bois. 
Snell_NPC	Much of his person-hood hinges upon that throne and its owner. 	Une grande partie de sa personne repose sur ce trône et sa propriétaire. 
Snell_NPC	Such a little weasel. 	Quel petit fouine. 
Snell_NPC	You should stand before the throne. Address her court. 	Tu devrais te tenir devant le trône. T'adresser à sa cour. 
Snell_NPC	E-\"Okay then...\" 	« D'accord 
Snell_NPC	\"Morning, Cleric.\" 	« 'jour, Clerc. » 
Snell_NPC	The goblin rubs his eyes. 	Le gobelin se frotte les yeux. 
Snell_NPC	\"Good afternoon, Cleric.\" 	« Bonne après-midi, Clerc. » 
Snell_NPC	The goblin gives you a questioning look. 	Le gobelin te lance un regard interrogateur. 
Snell_NPC	\"Good evening, Cleric.\" 	« Bonsoir, Clerc. » 
Snell_NPC	The goblin stretches a bit. 	Le gobelin s'étire un peu. 
Snell_NPC	\"Hey.\" 	\"Hé.\" 
Snell_NPC	The goblin yawns loudly. 	Le gobelin bâille bruyamment. 
Snell_NPC	\"What're you doing here?\" 	« Qu'est-ce que tu fais ici ? » 
Snell_NPC	E-(Leave him.) 	(Le laisser.) 
Snell_NPC	\"No? What?\" 	« Non ? Quoi ? » 
Snell_NPC	\"It's in the middle of the night.\" 	« Il est au beau milieu de la nuit. » 
Snell_NPC	\"Oh.\" 	« Oh. » 
Snell_NPC	\"Yeah. <i>Oh</i>.\" 	« Ouais. <i>Oh</i>. » 
Snell_NPC	\"Go get some rest. I'll see you in the morning, okay?\" 	« Va te reposer. On se voit demain matin, d'accord ? » 
Snell_NPC	\"Sure.\" 	« Bien sûr. » 
Snell_NPC	\"Sure.\" (Lie.) 	« Bien sûr. » (Mentir.) 
Snell_NPC	You feel your alignment moving one thousandth of a quarter point towards the chaotic side. 	Tu sens ton alignement glisser d'un millième de quart de point vers le côté chaotique. 
Snell_NPC	He cannot tell the difference. 	Il ne peut pas voir la différence. 
Snell_NPC	The goblin nods. 	Le gobelin hoche la tête. 
Snell_NPC	\"I usually head out about this time, so...\" 	« Je pars d'habitude vers cette heure-ci, donc... » 
Snell_NPC	\"A bit later than I usually get started, but...\" 	« Un peu plus tard que d'habitude pour démarrer, mais... » 
Snell_NPC	\"It's a bit late, but...\" 	« C'est un peu tard, mais... » 
Snell_NPC	\"Yeah. I'm ready.\" 	« Ouais. Je suis prêt. » 
Snell_NPC	Snell has joined your party. 	Snell a rejoint ton groupe. 
Snell_NPC	\"I'm sure Ettir is too, if we head down again.\" 	« Je suis sûr qu'Ettir l'est aussi, si on redescend. » 
Snell_NPC	Ettir will join your party in the Undercoast Path. 	Ettir rejoindra ton groupe dans le Passage Sous-Côtier. 
Snell_NPC	(Head out.) 	(Partir.) 
Snell_NPC	\"Yeah, more or less.\" 	« Ouais, plus ou moins. » 
Snell_NPC	The goblin collects his things - strapping a pouch on his hip, adjusting his jacket. 	Le gobelin rassemble ses affaires - attachant une bourse à sa hanche, ajustant sa veste. 
Snell_NPC	As he finishes up he says, \"By the way.\" 	En terminant, il dit : « Au fait. » 
Snell_NPC	\"Yesterday, with Darrow.\" 	« Hier, avec Darrow. » 
Snell_NPC	\"The whole thing with Darrow.\" 	« Toute l'affaire avec Darrow. » 
Snell_NPC	\"Hm?\" 	« Hum ? » 
Snell_NPC	\"Thanks.\" 	« Merci. » 
Snell_NPC	You are welcome, goblin. 	De rien, gobelin. 
Snell_NPC	\"Doesn't make much of a difference to people like him, but... seeing you stand up to Darrow like that?\" 	« Ça ne change pas grand-chose à des gens comme lui, mais... te voir tenir tête à Darrow comme ça ? » 
Snell_NPC	\"<i>Priceless</i>.\" 	« <i>Inestimable</i>. » 
Snell_NPC	Everything is warm. 	Tout est chaud. 
Snell_NPC	Snell. Is. <shake>FRIEND</shake>. 	Snell. Est. <shake>UN AMI</shake>. 
Snell_NPC	\"I only did what was right.\" 	« Je n'ai fait que ce qui était juste. » 
Snell_NPC	\"I didn't do it for you.\" 	« Je ne l'ai pas fait pour toi. » 
Snell_NPC	\"Anytime. I hate his type.\" 	« Quand tu veux. Je déteste son genre. » 
Snell_NPC	\"What an honorable cleric we've picked up.\" 	« Quel honorable clerc on s'est dégoté. » 
Snell_NPC	\"Okay?\" 	\"D'accord ?\" 
Snell_NPC	\"I don't care? It was great to see anyway.\" 	« Je m'en fiche ? C'était génial à voir quand même. » 
Snell_NPC	\"Oh yeah? What type?\" 	« Ah oui ? Quel genre ? » 
Snell_NPC	\"Noblemen.\" 	« Les nobles. » 
Snell_NPC	\"Human men.\" 	« Les hommes humains. » 
Snell_NPC	\"Anyone higher than me in the hierarchy.\" 	« Tous ceux qui sont plus haut que moi dans la hiérarchie. » 
Snell_NPC	\"Oh yeah. Silver spoon in his mouth and thumb up his ass.\" 	« Ouais. Cuillère d'argent dans la bouche et pouce dans le cul. » 
Snell_NPC	\"...<i>What</i>?\" 	« ...<i>Quoi</i> ? » 
Snell_NPC	\"Too much?\" 	« Trop ? » 
Snell_NPC	\"Yeah. Simmer down with the expletives, dude.\" 	« Ouais. Calme-toi avec les vulgarités, mec. » 
Snell_NPC	\"No. It was funny. Just hadn't heard that expression before.\" 	« Non. C'était drôle. J'avais juste jamais entendu cette expression. » 
Snell_NPC	(Laugh.) \"Whatever. Let's go.\" 	(Rire.) « Peu importe. Allons-y. » 
Snell_NPC	\"Perfect. You learn something new everyday.\" 	« Parfait. On en apprend tous les jours. » 
Snell_NPC	\"That's my line.\" 	« C'est ma réplique. » 
Snell_NPC	\"I see. Maybe we should go pick up a mirror today. In case we find the time.\" 	« Je vois. On devrait peut-être aller chercher un miroir aujourd'hui. Au cas où on aurait le temps. » 
Snell_NPC	\"Spoken like a true Azgalist.\" 	« Parlé comme un vrai Azgaliste. » 
Snell_NPC	\"<i>Oh boy</i>.\" 	« <i>Oh là là</i>. » 
Snell_NPC	Finally, Snell puts a pouch inside his inner jacket pocket. 	Enfin, Snell range une bourse dans la poche intérieure de sa veste. 
Snell_NPC	Oh. Crowns? Seems like a fair amount... 	Oh. Des couronnes ? Ça a l'air d'une jolie somme... 
Snell_NPC	\"Alright. I'm ready.\" 	« Très bien. Je suis prêt. » 
GG_Potted	Did you just rip those mushrooms out of a pot? 	Tu viens d'arracher ces champignons d'un pot ? 
GG_Potted	Why- why did you do that? 	Pourquoi- pourquoi tu as fait ça ? 
GG_Potted	What? 	Quoi ? 
GG_Potted	It was cultivated there. 	Ils y étaient cultivés. 
GG_Potted	It was a potted mushroom. 	C'était un champignon en pot. 
GG_Potted	It's my right to do that. 	J'en ai le droit. 
GG_Potted	Whoops. I didn't mean to do that. 	Oups. Je ne voulais pas faire ça. 
GG_Potted	I am not sure why I did that. 	Je ne sais pas trop pourquoi j'ai fait ça. 
GG_Potted	Damn right it is. 	T'as foutrement raison. 
GG_Potted	Wow. Sure. You know what you were doing. 	Ouah. C'est ça. Tu savais ce que tu faisais. 
GG_Potted	PURE EVIL. 	PUR MAL. 
GG_Potted	Nature is yours to mold. 	La nature est tienne à façonner. 
GG_Potted	The <shake>Primal scream</shake>. 	Le <shake>cri Primal</shake>. 
GG_Potted	Someone worked hard cultivating those. 	Quelqu'un a travaillé dur pour les cultiver. 
GG_Potted	And now you've just... taken them. 	Et tu viens juste... de les prendre. 
GG_Potted	Stop it with the sermon, by the gods! 	Arrête avec ton sermon, par tous les dieux ! 
GG_Potted	You'll put these plants to better use. Just take whatever you want. 	Tu feras meilleur usage de ces plantes. Prends ce que tu veux. 
GG_Potted	Can I put them back? 	Je peux les remettre en place ? 
GG_Potted	Stop complaining. 	Arrête de te plaindre. 
GG_Potted	No. You'll have to live with it. 	Non. Tu vas devoir vivre avec. 
GG_Potted	You're the one complaining. 	C'est toi qui te plains. 
GG_Potted	Literally no one will care. 	Personne n'en aura littéralement rien à faire. 
GG_Potted	E-I guess so. 	Je suppose. 
